                  epoch,         train/box_loss,         train/cls_loss,         train/dfl_loss,   metrics/precision(B),      metrics/recall(B),       metrics/mAP50(B),    metrics/mAP50-95(B),           val/box_loss,           val/cls_loss,           val/dfl_loss,                 lr/pg0,                 lr/pg1,                 lr/pg2
                      1,                 3.3945,                 3.6051,                  4.191,                0.00311,                0.34496,                0.01349,                0.00473,                 2.9366,                 3.7267,                 4.1578,                0.00012,                0.00012,                0.00012
                      2,                 3.2404,                 3.3579,                 4.1219,                0.00298,                0.33333,                0.13237,                0.04627,                 2.9342,                 3.7328,                 4.1532,             0.00020852,             0.00020852,             0.00020852
                      3,                 3.4917,                 3.3247,                 4.0262,                0.00301,                0.33721,                   0.01,                0.00348,                  2.933,                 3.7273,                 4.1481,              0.0002416,              0.0002416,              0.0002416
                      4,                 3.1857,                 3.1929,                 4.0016,                0.00299,                0.33721,                0.01027,                0.00336,                  2.933,                 3.7206,                 4.1452,             0.00021924,             0.00021924,             0.00021924
                      5,                 3.2478,                 3.0863,                 3.9339,                0.00306,                0.34496,                0.01074,                 0.0033,                 2.9331,                 3.7127,                 4.1432,             0.00014144,             0.00014144,             0.00014144
